evento,anio,semana,cod_mun,casos
100,2026,1,18150,1
100,2026,1,18756,1
100,2026,2,18479,1
100,2026,2,18753,1
100,2026,3,18001,1
100,2026,3,18029,1
100,2026,3,18150,1
100,2026,3,18753,2
100,2026,4,18094,1
100,2026,4,18256,1
100,2026,4,18410,1
100,2026,4,18479,1
100,2026,4,18592,1
100,2026,4,18753,1
100,2026,5,18094,1
100,2026,5,18150,1
100,2026,5,18610,1
100,2026,5,18756,1
100,2026,6,18150,1
100,2026,6,18256,1
100,2026,6,18592,1
100,2026,6,18753,2
100,2026,7,18205,1
100,2026,7,18610,1
100,2026,7,18753,1
100,2026,8,18205,1
100,2026,8,18753,2
100,2026,9,18753,2
100,2026,9,18860,1
100,2026,10,18001,1
100,2026,10,18460,1
100,2026,10,18756,1
100,2026,11,18001,1
100,2026,11,18592,2
100,2026,11,18753,2
100,2026,12,18150,1
100,2026,12,18460,1
100,2026,12,18753,2
100,2026,13,18753,1
100,2026,14,18753,1
100,2026,14,18756,1
100,2026,15,18150,3
100,2026,15,18205,1
100,2026,15,18410,1
100,2026,15,18753,3
100,2026,15,18860,1
100,2026,16,18150,1
100,2026,16,18610,1
100,2026,16,18753,2
100,2026,17,18256,1
100,2026,17,18592,2
100,2026,17,18610,1
100,2026,17,18753,1
100,2026,18,18410,2
100,2026,18,18610,1
100,2026,19,18150,2
100,2026,20,18001,1
100,2026,20,18756,1
100,2026,20,18785,1
100,2026,21,18753,1
100,2026,22,18256,1
100,2026,22,18753,1
100,2026,22,18756,1
100,2026,23,18410,1
100,2026,23,18610,1
100,2026,24,18150,1
100,2026,24,18592,1
100,2026,24,18753,3
100,2026,25,18150,1
100,2026,25,18753,1
100,2026,26,18256,1
100,2026,26,18753,3
100,2026,27,18410,2
100,2026,27,18860,1
100,2026,28,18001,1
100,2026,28,18150,1
100,2026,28,18592,1
100,2026,28,18610,1
100,2026,28,18753,2
100,2026,29,18150,2
100,2026,29,18753,2
100,2026,30,18753,1
100,2026,31,18001,1
100,2026,31,18150,1
100,2026,31,18247,1
100,2026,31,18479,1
100,2026,32,18094,1
100,2026,32,18150,1
100,2026,32,18592,1
100,2026,32,18753,1
100,2026,33,18150,1
100,2026,33,18592,1
100,2026,33,18753,2
100,2026,34,18150,1
100,2026,35,18753,2
100,2026,36,18205,1
100,2026,36,18256,1
100,2026,36,18753,2
100,2026,37,18150,1
100,2026,37,18256,1
100,2026,37,18592,1
100,2026,37,18753,1
100,2026,37,18756,1
100,2026,38,18756,1
